feature	sig_pval	mean_ctrl	mean_exp	sd_ctrl	sd_exp	FC	log2FC	method	statistic	pval	negLog10pval	padj	negLog10padj	sig_padj
FA 18:1	yes	1.1924095781473045	10.360209201847006	2.7976190487628223	11.296282499079174	8.688465265386485	3.119101361210091	t-test	2.742561253991386	0.012199487581141366	1.9136584107479062	0.7440973152961358	0.1283702623945485	no
