feature	sig_pval	mean_ctrl	mean_exp	sd_ctrl	sd_exp	FC	log2FC	method	statistic	pval	negLog10pval	padj	negLog10padj	sig_padj
FA 18:1	yes	1.1661812163671263	10.307207631200725	2.752604507015157	11.33169006581933	8.83842706994511	3.1437896433381907	t-test	2.7490209735700994	0.012025101087140555	1.9199112641098222	0.7747284092149449	0.11085051820512712	no
