feature	sig_pval	mean_ctrl	mean_exp	sd_ctrl	sd_exp	FC	log2FC	method	statistic	pval	negLog10pval	padj	negLog10padj	sig_padj
FA 18:1	yes	1.1661812163671263	5.472069266918159	2.752604507015157	8.427302404196318	4.692297552146041	2.2302945017283915	t-test	2.820355966992089	0.008169073654259089	2.0878271882231387	0.6483342258455653	0.18820105119746713	no
TG 54:3	yes	0.07960478987351546	0.6406650664177914	0.23248886080602982	1.1010275421292177	8.048071823765229	3.0086431803083933	t-test	2.485094082123638	0.01836929228570263	1.735907575448944	0.6483342258455653	0.18820105119746713	no
TG 54:4	yes	0.08154891743170671	0.5341213735859217	0.23355757465708307	0.9220551047622061	6.549705261669754	2.711429986482957	t-test	2.4619568735526376	0.019390616331159356	1.7124083866424111	0.6483342258455653	0.18820105119746713	no
TG 56:6	yes	0.06581445094746213	0.13267481274877274	0.2312909561074326	0.1768885498457474	2.015891811582283	1.011418214690033	t-test	2.2553774603008097	0.031081174587607893	1.5075025771530541	0.6483342258455653	0.18820105119746713	no
PC 32:1	yes	0.17368432523383234	0.3811883124285425	0.34251858778923144	0.3378035464019353	2.1947191372355923	1.1340363268934925	t-test	2.2485068211059556	0.03156136040563461	1.5008442854395836	0.6483342258455653	0.18820105119746713	no
TG 56:7	yes	0.05984797382622538	0.062271448527377024	0.23179020346584298	0.10234497112788543	1.0404938470964522	0.057268433800127465	t-test	2.124238612854114	0.04147273153823506	1.3822373595500144	0.6483342258455653	0.18820105119746713	no
TG 52:4	yes	0.05984797382622538	0.10979760834391869	0.23179020346584298	0.2462364058692841	1.8346086145326674	0.8754723191457702	t-test	2.088133982239256	0.044829291308774395	1.3484381266956946	0.6483342258455653	0.18820105119746713	no
TG 54:5	yes	0.0769521565104327	0.31418145138190073	0.23172340874444425	0.6494494524558042	4.082815422324207	2.0295643470593423	t-test	2.0694107859231274	0.04666269785123354	1.3310301556401518	0.6483342258455653	0.18820105119746713	no
