test	statistic	df	p.value
Kruskal-Wallis (3 groups)	7.7688170268932595	2	0.020559986120946727
