group	n	median	mean	sd
healthy	15	355.9290341623099	746.4651407762722	882.0926924751736
mild	22	1338.4502258855032	3027.956192862048	3983.36674633088
severe	20	728.5273665017555	1149.7332783477939	1183.3805274809158
