"PLSDA1","PLSDA2"
-0.283557144517373,-0.246361085285279
0.278336256426494,-0.80664084502252
-0.329581902890759,-0.148090245226509
-0.253591489835642,-0.146469822690751
-0.286648925480434,-0.236754287929211
-0.254590030714218,-0.141475139742051
-0.328036520251757,-0.135692342635272
-0.312634836038976,-0.0629555490478056
-0.370610454285488,0.359206273681114
-0.262216778334416,0.0346724569908533
-0.332790418301904,-0.128754362096179
