feature	sig_pval	mean_ctrl	mean_exp	sd_ctrl	sd_exp	FC	log2FC	method	statistic	pval	negLog10pval	padj	negLog10padj	sig_padj
SM 34:1;O2	yes	16.670079664378935	8.829507749994182	4.941487287733798	3.3006556636455358	0.5296620008878126	-0.9168560846420165	t-test	-4.357200807490878	4.2883948919969397e-4	3.3677052299573544	0.04717234381196634	1.3263125447991295	yes
SM 42:2;O2	yes	5.338761127300987	1.6113340341375884	1.5693725016509015	1.8518906601717975	0.3018179678235948	-1.7282493999625153	t-test	-3.2891660296153464	0.004330182004603966	2.3634938491584143	0.18670402558450083	0.7288463179893936	no
PC 38:4	yes	1.8309441227587149	0.7082089491446235	0.7160924819721958	0.8581864130506571	0.3867998702645021	-1.3703407839629673	t-test	-3.213988329126068	0.005091927970486387	2.293117748427956	0.18670402558450083	0.7288463179893936	no
PC O-32:0	yes	1.2387059183360993	0.2805174536660581	0.6011293955799634	0.41356149686300586	0.2264600899322942	-2.142671274770735	t-test	-2.9785451562264704	0.008431459043694049	2.07409726525713	0.23186512370158635	0.6347645714268676	no
PC 36:1	yes	4.277717419759744	1.3972578899082038	1.4622824918703559	1.3042674897629887	0.326636323253601	-1.6142428616607507	t-test	-2.631217150801872	0.01751038077442011	1.7567044098028204	0.3479957046859512	0.4584261165209533	no
Cholesterol	yes	1.344986303056831	0.4887305799817497	0.43256640039618294	0.4319902200925547	0.3633721613900323	-1.4604801986036458	t-test	-2.592254888237253	0.018981583891960977	1.7216675512955346	0.3479957046859512	0.4584261165209533	no
FA 18:0	yes	1.3949724259628098	9.714126625480173	3.747303856158477	10.969450641467384	6.963669277387676	2.799847687307991	t-test	2.4999294375410437	0.02295112130370643	1.6391960916467132	0.36066047762967246	0.44290144650274493	no
SM 40:1;O2	yes	1.1519533849772792	0.13848766712803184	1.1931027421547193	0.3016540295338879	0.12021985345419453	-3.0562529283330244	t-test	-2.326904618040613	0.03258565112243314	1.486973596563287	0.4174384723257098	0.37940752760215357	no
PC 36:2	yes	5.494675147753112	4.005003187038572	1.4097747402990761	1.4455663789018018	0.728888074243352	-0.45623079903364794	t-test	-2.2884102899558103	0.03519122175791113	1.453565655202084	0.4174384723257098	0.37940752760215357	no
